zMin,zMax,c1,c2,r2,nPts
4917,5015.75,-11.9999998649234,0.0557296142583999,0.819169489341184,111
5015.75,5114.5,-10.7423117272384,0.0622521359316828,0.885893797822307,60
5114.5,5213.25,-7.86374874382376,0.0389273099629856,0.544977114085897,124
5213.25,5312,-0.690206307909697,0.310012858049548,0.0790623531596797,100
